Balanced tangible hardware,3 Service Parkway,,42.0889602,42.5044843,Colville,Kyrgyz,Mystery|Thriller,Colville Kyrgyz Mystery|Thriller
Team-oriented responsive functionalities,335 Eliot Road,,32.0467278,118.7864923,Guamanian,Somali,Action|Sci-Fi|Thriller,Guamanian Somali Action|Sci-Fi|Thriller
Open-source value-added encryption,4 Magdeline Lane,,37.022024,104.423539,Latin American Indian,Arabic,Comedy,Latin American Indian Arabic Comedy
Exclusive user-facing array,29 Drewry Avenue,8706,8.2885006,124.7789045,Micronesian,New Zealand Sign Language,Drama,Micronesian New Zealand Sign Language Drama
Organic mobile paradigm,23038 Sage Pass,,37.8456119,68.7989617,Ottawa,Georgian,Drama|Romance,Ottawa Georgian Drama|Romance
Enhanced analyzing complexity,3 Melrose Crossing,,5.2858205,-3.3036439,Central American,Tok Pisin,Comedy|Crime|Drama,Central American Tok Pisin Comedy|Crime|Drama
User-friendly composite flexibility,6 Ramsey Way,,25.587519,112.36902,Guamanian,New Zealand Sign Language,Comedy|Drama,Guamanian New Zealand Sign Language Comedy|Drama
Reactive zero administration product,4 Hoard Lane,,-8.4044008,116.5491893,Yuman,Italian,Comedy|Drama|Romance,Yuman Italian Comedy|Drama|Romance
Polarised 24/7 access,0451 Mosinee Trail,,-20.05913,48.13327,Seminole,Italian,Comedy|Drama|Romance,Seminole Italian Comedy|Drama|Romance
Object-based zero administration emulation,2269 Mayer Park,,39.9791423,117.0643296,Pakistani,Aymara,Drama,Pakistani Aymara Drama
Adaptive eco-centric forecast,2204 Hauk Junction,5281,-32.9271629,-60.6962267,Aleut,Armenian,Animation|Drama,Aleut Armenian Animation|Drama
Monitored holistic definition,09 Northland Trail,668210,51.532126,92.8882656,Native Hawaiian and Other Pacific Islander (NHPI),Assamese,Drama|Romance,Native Hawaiian and Other Pacific Islander (NHPI) Assamese Drama|Romance
Integrated explicit database,9706 Dayton Park,,-6.8921607,110.6377502,Cuban,Belarusian,Comedy|Drama,Cuban Belarusian Comedy|Drama
Proactive impactful complexity,52 Nancy Terrace,,-8.6986,122.3514,Melanesian,Zulu,Documentary,Melanesian Zulu Documentary
Enhanced transitional flexibility,09 Mcbride Park,694752,46.678613,141.8559579,Black or African American,Tsonga,Drama|Musical|Romance|Sci-Fi,Black or African American Tsonga Drama|Musical|Romance|Sci-Fi
Visionary systematic task-force,139 Lake View Trail,,48.5006149,34.6523446,Paraguayan,Tamil,Drama,Paraguayan Tamil Drama
Ameliorated explicit hub,94894 Iowa Crossing,72-210,53.5659675,15.28454,Crow,Malay,Drama|Horror,Crow Malay Drama|Horror
Function-based tangible customer loyalty,47 Sauthoff Court,396340,51.3531567,39.3015305,Ottawa,Maltese,Comedy,Ottawa Maltese Comedy
Decentralized value-added ability,57 Thierer Point,94830,63.2370276,21.3941749,Paraguayan,Fijian,Drama,Paraguayan Fijian Drama
Universal secondary moderator,3312 Service Road,368814,61.1331274,74.8362662,Native Hawaiian,Malayalam,Horror|Thriller,Native Hawaiian Malayalam Horror|Thriller
